--
-- PostgreSQL database dump
--

-- Dumped from database version 17.4
-- Dumped by pg_dump version 17.4

-- Started on 2025-04-19 22:53:42

SET statement_timeout = 0;
SET lock_timeout = 0;
SET idle_in_transaction_session_timeout = 0;
SET transaction_timeout = 0;
SET client_encoding = 'UTF8';
SET standard_conforming_strings = on;
SELECT pg_catalog.set_config('search_path', '', false);
SET check_function_bodies = false;
SET xmloption = content;
SET client_min_messages = warning;
SET row_security = off;

SET default_tablespace = '';

SET default_table_access_method = heap;

--
-- TOC entry 228 (class 1259 OID 49184)
-- Name: tb_bilhetes; Type: TABLE; Schema: public; Owner: postgres
--

CREATE TABLE public.tb_bilhetes (
    id bigint NOT NULL,
    criado_em timestamp(6) without time zone NOT NULL,
    is_usado boolean NOT NULL,
    preco double precision NOT NULL,
    quantidade integer NOT NULL,
    total double precision NOT NULL,
    evento_id bigint NOT NULL,
    participante_id bigint NOT NULL
);


ALTER TABLE public.tb_bilhetes OWNER TO postgres;

--
-- TOC entry 227 (class 1259 OID 49183)
-- Name: tb_bilhetes_id_seq; Type: SEQUENCE; Schema: public; Owner: postgres
--

ALTER TABLE public.tb_bilhetes ALTER COLUMN id ADD GENERATED BY DEFAULT AS IDENTITY (
    SEQUENCE NAME public.tb_bilhetes_id_seq
    START WITH 1
    INCREMENT BY 1
    NO MINVALUE
    NO MAXVALUE
    CACHE 1
);


--
-- TOC entry 218 (class 1259 OID 41148)
-- Name: tb_categorias; Type: TABLE; Schema: public; Owner: postgres
--

CREATE TABLE public.tb_categorias (
    id bigint NOT NULL,
    nome character varying(255) NOT NULL
);


ALTER TABLE public.tb_categorias OWNER TO postgres;

--
-- TOC entry 217 (class 1259 OID 41147)
-- Name: tb_categorias_id_seq; Type: SEQUENCE; Schema: public; Owner: postgres
--

ALTER TABLE public.tb_categorias ALTER COLUMN id ADD GENERATED BY DEFAULT AS IDENTITY (
    SEQUENCE NAME public.tb_categorias_id_seq
    START WITH 1
    INCREMENT BY 1
    NO MINVALUE
    NO MAXVALUE
    CACHE 1
);


--
-- TOC entry 226 (class 1259 OID 49156)
-- Name: tb_eventos; Type: TABLE; Schema: public; Owner: postgres
--

CREATE TABLE public.tb_eventos (
    id bigint NOT NULL,
    data_fim character varying(255) NOT NULL,
    data_inicio character varying(255) NOT NULL,
    descricao_curta character varying(255) NOT NULL,
    descricao_longa character varying(255) NOT NULL,
    imagem_url character varying(255) NOT NULL,
    is_free boolean NOT NULL,
    localizacao character varying(255) NOT NULL,
    nome character varying(255) NOT NULL,
    preco_normal double precision,
    preco_vip double precision,
    categoria_id bigint NOT NULL,
    organizador_id bigint NOT NULL
);


ALTER TABLE public.tb_eventos OWNER TO postgres;

--
-- TOC entry 225 (class 1259 OID 49155)
-- Name: tb_eventos_id_seq; Type: SEQUENCE; Schema: public; Owner: postgres
--

ALTER TABLE public.tb_eventos ALTER COLUMN id ADD GENERATED BY DEFAULT AS IDENTITY (
    SEQUENCE NAME public.tb_eventos_id_seq
    START WITH 1
    INCREMENT BY 1
    NO MINVALUE
    NO MAXVALUE
    CACHE 1
);


--
-- TOC entry 220 (class 1259 OID 41167)
-- Name: tb_interesses; Type: TABLE; Schema: public; Owner: postgres
--

CREATE TABLE public.tb_interesses (
    id bigint NOT NULL,
    participante_id bigint NOT NULL,
    categoria_id bigint,
    nome character varying(255) NOT NULL
);


ALTER TABLE public.tb_interesses OWNER TO postgres;

--
-- TOC entry 219 (class 1259 OID 41166)
-- Name: tb_interesses_id_seq; Type: SEQUENCE; Schema: public; Owner: postgres
--

ALTER TABLE public.tb_interesses ALTER COLUMN id ADD GENERATED BY DEFAULT AS IDENTITY (
    SEQUENCE NAME public.tb_interesses_id_seq
    START WITH 1
    INCREMENT BY 1
    NO MINVALUE
    NO MAXVALUE
    CACHE 1
);


--
-- TOC entry 222 (class 1259 OID 41247)
-- Name: tb_organizadores; Type: TABLE; Schema: public; Owner: postgres
--

CREATE TABLE public.tb_organizadores (
    id bigint NOT NULL,
    email character varying(255) NOT NULL,
    morada character varying(255) NOT NULL,
    nome character varying(255) NOT NULL,
    senha character varying(255) NOT NULL,
    telefone character varying(255) NOT NULL
);


ALTER TABLE public.tb_organizadores OWNER TO postgres;

--
-- TOC entry 221 (class 1259 OID 41246)
-- Name: tb_organizadores_id_seq; Type: SEQUENCE; Schema: public; Owner: postgres
--

ALTER TABLE public.tb_organizadores ALTER COLUMN id ADD GENERATED BY DEFAULT AS IDENTITY (
    SEQUENCE NAME public.tb_organizadores_id_seq
    START WITH 1
    INCREMENT BY 1
    NO MINVALUE
    NO MAXVALUE
    CACHE 1
);


--
-- TOC entry 224 (class 1259 OID 41311)
-- Name: tb_participantes; Type: TABLE; Schema: public; Owner: postgres
--

CREATE TABLE public.tb_participantes (
    id bigint NOT NULL,
    data_nascimento character varying(255) NOT NULL,
    email character varying(255) NOT NULL,
    morada character varying(255) NOT NULL,
    nome character varying(255) NOT NULL,
    senha character varying(255) NOT NULL,
    telefone character varying(255) NOT NULL
);


ALTER TABLE public.tb_participantes OWNER TO postgres;

--
-- TOC entry 223 (class 1259 OID 41310)
-- Name: tb_participantes_id_seq; Type: SEQUENCE; Schema: public; Owner: postgres
--

ALTER TABLE public.tb_participantes ALTER COLUMN id ADD GENERATED BY DEFAULT AS IDENTITY (
    SEQUENCE NAME public.tb_participantes_id_seq
    START WITH 1
    INCREMENT BY 1
    NO MINVALUE
    NO MAXVALUE
    CACHE 1
);


--
-- TOC entry 4845 (class 0 OID 49184)
-- Dependencies: 228
-- Data for Name: tb_bilhetes; Type: TABLE DATA; Schema: public; Owner: postgres
--

COPY public.tb_bilhetes (id, criado_em, is_usado, preco, quantidade, total, evento_id, participante_id) FROM stdin;
\.


--
-- TOC entry 4835 (class 0 OID 41148)
-- Dependencies: 218
-- Data for Name: tb_categorias; Type: TABLE DATA; Schema: public; Owner: postgres
--

COPY public.tb_categorias (id, nome) FROM stdin;
1	Tecnologia
2	Conferencias
3	Shows
4	Workshops
5	Palestras
\.


--
-- TOC entry 4843 (class 0 OID 49156)
-- Dependencies: 226
-- Data for Name: tb_eventos; Type: TABLE DATA; Schema: public; Owner: postgres
--

COPY public.tb_eventos (id, data_fim, data_inicio, descricao_curta, descricao_longa, imagem_url, is_free, localizacao, nome, preco_normal, preco_vip, categoria_id, organizador_id) FROM stdin;
3	2025-04-10	2025-04-10	Uma noite inesquecível com Picasso.	Uma noite inesquecível com Picasso e convidados. Venha curtir os maiores sucessos do artista moçambicano.	https://images.unsplash.com/photo-1470229722913-7c0e2dbbafd3?ixlib=rb-4.0.3&ixid=M3wxMjA3fDB8MHxwaG90by1wYWdlfHx8fGVufDB8fHx8fA%3D%3D&auto=format&fit=crop&w=1470&q=80	f	Maputo - Estádio Nacional	Show de Picasso	500	800	1	1
4	2025-05-15	2025-05-15	Show com artistas do momento.	Show vibrante com os maiores artistas do momento. Line-up surpresa com estrelas internacionais.	https://images.unsplash.com/photo-1514525253161-7a46d19cd819?ixlib=rb-4.0.3&ixid=M3wxMjA3fDB8MHxwaG90by1wYWdlfHx8fGVufDB8fHx8fA%3D%3D&auto=format&fit=crop&w=1470&q=80	f	Beira - Pavilhão dos Desportos	Guyzell Produções Apresenta	750	1000	1	2
5	2025-06-22	2025-06-20	Festival de cultura e música.	Música, cultura e diversão garantida. 3 dias de festival com comida tradicional e artesanato local.	https://images.unsplash.com/photo-1492684223066-81342ee5ff30?ixlib=rb-4.0.3&ixid=M3wxMjA3fDB8MHxwaG90by1wYWdlfHx8fGVufDB8fHx8fA%3D%3D&auto=format&fit=crop&w=1470&q=80	f	Nampula - Praça da Independência	Festival Dzindza	300	500	1	1
6	2025-10-19	2025-10-18	Apresentações teatrais de jovens talentos.	Espetáculos encenados por grupos teatrais juvenis. Venha apoiar os novos rostos da dramaturgia moçambicana.	https://images.unsplash.com/photo-1582719478250-c89cae4dc85b?ixlib=rb-4.0.3&ixid=M3wxMjA3fDB8MHxwaG90by1wYWdlfHx8fGVufDB8fHx8fA%3D%3D&auto=format&fit=crop&w=1470&q=80	t	Maputo - Teatro Avenida	Mostra de Teatro Juvenil	\N	\N	1	7
7	2025-09-12	2025-09-10	Aprenda técnicas de fotografia com profissionais.	Workshop para iniciantes e entusiastas da fotografia criativa. Inclui práticas ao ar livre e feedback personalizado.	https://images.unsplash.com/photo-1526178612022-9aece4e1d610?ixlib=rb-4.0.3&ixid=M3wxMjA3fDB8MHxwaG90by1wYWdlfHx8fGVufDB8fHx8fA%3D%3D&auto=format&fit=crop&w=1470&q=80	f	Maputo - Centro Cultural Moçambicano-Alemão	Workshop de Fotografia Criativa	250	400	1	6
8	2025-08-05	2025-08-05	Celebração da música tradicional moçambicana.	Evento que homenageia a Marrabenta, com apresentações de bandas clássicas e jovens talentos. Cultura e tradição em uma só noite.	https://images.unsplash.com/photo-1532635247-2e9b4005b1d4?ixlib=rb-4.0.3&ixid=M3wxMjA3fDB8MHxwaG90by1wYWdlfHx8fGVufDB8fHx8fA%3D%3D&auto=format&fit=crop&w=1470&q=80	f	Matola - Cine Matola	Encontro de Marrabenta	350	550	1	5
9	2025-07-12	2025-07-12	A melhor noite de Afro House em Maputo.	Prepare-se para uma noite cheia de ritmo e dança ao som do melhor do Afro House, com DJs renomados nacionais e internacionais.	https://images.unsplash.com/photo-1507874457470-272b3c8d8ee2?ixlib=rb-4.0.3&ixid=M3wxMjA3fDB8MHxwaG90by1wYWdlfHx8fGVufDB8fHx8fA%3D%3D&auto=format&fit=crop&w=1470&q=80	f	Maputo - Coconuts Live	Noite do Afro House	400	700	1	4
\.


--
-- TOC entry 4837 (class 0 OID 41167)
-- Dependencies: 220
-- Data for Name: tb_interesses; Type: TABLE DATA; Schema: public; Owner: postgres
--

COPY public.tb_interesses (id, participante_id, categoria_id, nome) FROM stdin;
1	2	\N	Música
2	2	\N	Esportes
3	2	\N	Tecnologia
4	7	\N	Cultura
5	7	\N	Tecnologia
6	8	\N	Cultura
7	8	\N	Financas
8	9	\N	Cultura
9	9	\N	Financas
\.


--
-- TOC entry 4839 (class 0 OID 41247)
-- Dependencies: 222
-- Data for Name: tb_organizadores; Type: TABLE DATA; Schema: public; Owner: postgres
--

COPY public.tb_organizadores (id, email, morada, nome, senha, telefone) FROM stdin;
1	dp@eventhub.com	Av. Mocambique, Boquisso	Dzindza Producoes	dp1234	871234567
2	gugu@eventhub.com	Av. Mocambique, Maputo	Guyzhel Producoes	dp134	871234557
3	bcp@eventhub.com	Av. Mocambique, Munhalaze	Banda cacana Producoes	aawwe	87123456ddd
4	moz@gmail.com	Av. Mocambique, Cup	Mozdevz	bo	875107741
5	contato@picasso.co.mz	Av. Julius Nyerere, Maputo, Moçambique	Picasso	picasso123	+258841234567
6	info@mozdevz.org	Av. 25 de Setembro, Beira, Moçambique	MozDevz	mozdevz2025	+258842345678
7	gddmaputo@gmail.com	Av. Eduardo Mondlane, Nampula, Moçambique	GDD Maputo	gddmaputo!	+258843456789
\.


--
-- TOC entry 4841 (class 0 OID 41311)
-- Dependencies: 224
-- Data for Name: tb_participantes; Type: TABLE DATA; Schema: public; Owner: postgres
--

COPY public.tb_participantes (id, data_nascimento, email, morada, nome, senha, telefone) FROM stdin;
1	2021-14-01	bavo@gmail.com	Av. Mocambique, Boquisso	Abilio Bavo	bavoooo	875109441
2	1990-01-01	joao.silva@example.com	Rua Principal, 123	João Silva	123456789	123456789
7	2021-14-01	bao@gmail.com	Av. Mocambique, Boquisso	Abilio Viano	4141	875109441
8	2021-14-01	beo@gmail.com	Av. Mocambique, Boquisso	Elias Viano	4141	875109441
9	2021-14-01	bveo@gmail.com	Av. Mocambique, Boquisso	Elias Bavo	4141	875109441
\.


--
-- TOC entry 4851 (class 0 OID 0)
-- Dependencies: 227
-- Name: tb_bilhetes_id_seq; Type: SEQUENCE SET; Schema: public; Owner: postgres
--

SELECT pg_catalog.setval('public.tb_bilhetes_id_seq', 5, true);


--
-- TOC entry 4852 (class 0 OID 0)
-- Dependencies: 217
-- Name: tb_categorias_id_seq; Type: SEQUENCE SET; Schema: public; Owner: postgres
--

SELECT pg_catalog.setval('public.tb_categorias_id_seq', 2, true);


--
-- TOC entry 4853 (class 0 OID 0)
-- Dependencies: 225
-- Name: tb_eventos_id_seq; Type: SEQUENCE SET; Schema: public; Owner: postgres
--

SELECT pg_catalog.setval('public.tb_eventos_id_seq', 9, true);


--
-- TOC entry 4854 (class 0 OID 0)
-- Dependencies: 219
-- Name: tb_interesses_id_seq; Type: SEQUENCE SET; Schema: public; Owner: postgres
--

SELECT pg_catalog.setval('public.tb_interesses_id_seq', 9, true);


--
-- TOC entry 4855 (class 0 OID 0)
-- Dependencies: 221
-- Name: tb_organizadores_id_seq; Type: SEQUENCE SET; Schema: public; Owner: postgres
--

SELECT pg_catalog.setval('public.tb_organizadores_id_seq', 7, true);


--
-- TOC entry 4856 (class 0 OID 0)
-- Dependencies: 223
-- Name: tb_participantes_id_seq; Type: SEQUENCE SET; Schema: public; Owner: postgres
--

SELECT pg_catalog.setval('public.tb_participantes_id_seq', 9, true);


--
-- TOC entry 4683 (class 2606 OID 49188)
-- Name: tb_bilhetes tb_bilhetes_pkey; Type: CONSTRAINT; Schema: public; Owner: postgres
--

ALTER TABLE ONLY public.tb_bilhetes
    ADD CONSTRAINT tb_bilhetes_pkey PRIMARY KEY (id);


--
-- TOC entry 4667 (class 2606 OID 41152)
-- Name: tb_categorias tb_categorias_pkey; Type: CONSTRAINT; Schema: public; Owner: postgres
--

ALTER TABLE ONLY public.tb_categorias
    ADD CONSTRAINT tb_categorias_pkey PRIMARY KEY (id);


--
-- TOC entry 4681 (class 2606 OID 49162)
-- Name: tb_eventos tb_eventos_pkey; Type: CONSTRAINT; Schema: public; Owner: postgres
--

ALTER TABLE ONLY public.tb_eventos
    ADD CONSTRAINT tb_eventos_pkey PRIMARY KEY (id);


--
-- TOC entry 4671 (class 2606 OID 41171)
-- Name: tb_interesses tb_interesses_pkey; Type: CONSTRAINT; Schema: public; Owner: postgres
--

ALTER TABLE ONLY public.tb_interesses
    ADD CONSTRAINT tb_interesses_pkey PRIMARY KEY (id);


--
-- TOC entry 4673 (class 2606 OID 41253)
-- Name: tb_organizadores tb_organizadores_pkey; Type: CONSTRAINT; Schema: public; Owner: postgres
--

ALTER TABLE ONLY public.tb_organizadores
    ADD CONSTRAINT tb_organizadores_pkey PRIMARY KEY (id);


--
-- TOC entry 4677 (class 2606 OID 41317)
-- Name: tb_participantes tb_participantes_pkey; Type: CONSTRAINT; Schema: public; Owner: postgres
--

ALTER TABLE ONLY public.tb_participantes
    ADD CONSTRAINT tb_participantes_pkey PRIMARY KEY (id);


--
-- TOC entry 4679 (class 2606 OID 41319)
-- Name: tb_participantes uk1le3arjv1a1a6qukv29ixtahy; Type: CONSTRAINT; Schema: public; Owner: postgres
--

ALTER TABLE ONLY public.tb_participantes
    ADD CONSTRAINT uk1le3arjv1a1a6qukv29ixtahy UNIQUE (email);


--
-- TOC entry 4669 (class 2606 OID 41195)
-- Name: tb_categorias uk7unqn7lsbrtoyo2au065ffe34; Type: CONSTRAINT; Schema: public; Owner: postgres
--

ALTER TABLE ONLY public.tb_categorias
    ADD CONSTRAINT uk7unqn7lsbrtoyo2au065ffe34 UNIQUE (nome);


--
-- TOC entry 4675 (class 2606 OID 41261)
-- Name: tb_organizadores ukfttut19r4yad6sym0gfuvl65c; Type: CONSTRAINT; Schema: public; Owner: postgres
--

ALTER TABLE ONLY public.tb_organizadores
    ADD CONSTRAINT ukfttut19r4yad6sym0gfuvl65c UNIQUE (email);


--
-- TOC entry 4687 (class 2606 OID 49194)
-- Name: tb_bilhetes fk5uk3rrmssm54i55sv680uv351; Type: FK CONSTRAINT; Schema: public; Owner: postgres
--

ALTER TABLE ONLY public.tb_bilhetes
    ADD CONSTRAINT fk5uk3rrmssm54i55sv680uv351 FOREIGN KEY (participante_id) REFERENCES public.tb_participantes(id);


--
-- TOC entry 4685 (class 2606 OID 49178)
-- Name: tb_eventos fkdx7tps8hupe1mmp8egmse8ben; Type: FK CONSTRAINT; Schema: public; Owner: postgres
--

ALTER TABLE ONLY public.tb_eventos
    ADD CONSTRAINT fkdx7tps8hupe1mmp8egmse8ben FOREIGN KEY (organizador_id) REFERENCES public.tb_organizadores(id);


--
-- TOC entry 4684 (class 2606 OID 41320)
-- Name: tb_interesses fkg5grl80x3hhu3duko92afdccc; Type: FK CONSTRAINT; Schema: public; Owner: postgres
--

ALTER TABLE ONLY public.tb_interesses
    ADD CONSTRAINT fkg5grl80x3hhu3duko92afdccc FOREIGN KEY (participante_id) REFERENCES public.tb_participantes(id);


--
-- TOC entry 4686 (class 2606 OID 49173)
-- Name: tb_eventos fkhdn6uqkpqfyv3k7vsywi2k2i; Type: FK CONSTRAINT; Schema: public; Owner: postgres
--

ALTER TABLE ONLY public.tb_eventos
    ADD CONSTRAINT fkhdn6uqkpqfyv3k7vsywi2k2i FOREIGN KEY (categoria_id) REFERENCES public.tb_categorias(id);


--
-- TOC entry 4688 (class 2606 OID 49189)
-- Name: tb_bilhetes fks7pskwaoct5gppf6xu3pgr5yl; Type: FK CONSTRAINT; Schema: public; Owner: postgres
--

ALTER TABLE ONLY public.tb_bilhetes
    ADD CONSTRAINT fks7pskwaoct5gppf6xu3pgr5yl FOREIGN KEY (evento_id) REFERENCES public.tb_eventos(id);


-- Completed on 2025-04-19 22:53:42

--
-- PostgreSQL database dump complete
--

